<?xml version="1.0" encoding="utf-8"?>
<familyset version="22">
    <family name="sans-serif">
        <font weight="400" style="normal">IBMPlexMono.ttf</font>
        <font weight="400" style="normal">IBMPlexMono-Bold.ttf</font>
        <font weight="400" style="normal">IBMPlexMono-BoldItalic.ttf</font>
        <font weight="400" style="normal">IBMPlexMono-Italic.ttf</font>
        <font weight="400" style="normal">IBMPlexMono-Light.ttf</font>
        <font weight="400" style="normal">IBMPlexMono-LightItalic.ttf</font>
        <font weight="400" style="normal">IBMPlexMono-Medium.ttf</font>
        <font weight="400" style="normal">IBMPlexMono-MediumItalic.ttf</font>
        <font weight="400" style="normal">IBMPlexMono-Thin.ttf</font>
        <font weight="400" style="normal">IBMPlexMono-ThinItalic.ttf</font>
    </family>

    <alias name="sans-serif-thin" to="sans-serif" weight="100" />
    <alias name="sans-serif-light" to="sans-serif" weight="300" />
    <alias name="sans-serif-medium" to="sans-serif" weight="500" />
    <alias name="sans-serif-black" to="sans-serif" weight="900" />
    <alias name="arial" to="sans-serif" />
    <alias name="helvetica" to="sans-serif" />
    <alias name="tahoma" to="sans-serif" />
    <alias name="verdana" to="sans-serif" />
    <alias name="sans-serif-condensed" to="sans-serif" />
</familyset>
