<?xml version="1.0" encoding="utf-8"?>
<familyset version="22">
    <family name="sans-serif">
        <font weight="400" style="normal">Quicksand_Bold.otf</font>
        <font weight="400" style="normal">Quicksand_Bold_Oblique.otf</font>
        <font weight="400" style="normal">Quicksand_Book.otf</font>
        <font weight="400" style="normal">Quicksand_Book_Oblique.otf</font>
        <font weight="400" style="normal">Quicksand_Dash.otf</font>
        <font weight="400" style="normal">Quicksand_Light.otf</font>
        <font weight="400" style="normal">Quicksand_Light_Oblique.otf</font>
    </family>

    <alias name="sans-serif-thin" to="sans-serif" weight="100" />
    <alias name="sans-serif-light" to="sans-serif" weight="300" />
    <alias name="sans-serif-medium" to="sans-serif" weight="500" />
    <alias name="sans-serif-black" to="sans-serif" weight="900" />
    <alias name="arial" to="sans-serif" />
    <alias name="helvetica" to="sans-serif" />
    <alias name="tahoma" to="sans-serif" />
    <alias name="verdana" to="sans-serif" />
    <alias name="sans-serif-condensed" to="sans-serif" />
</familyset>
